Route,Location,URL,"Avg Stars","Your Stars","Route Type",Rating,Pitches,Length,"Area Latitude","Area Longitude"
"Ruby Shoes","The Diamond > Archangel Valley Sport and Traditional Climbing > Hatcher Pass > Anchorage & South Central Alaska > Alaska",https://www.mountainproject.com/route/108221019/ruby-shoes,2.5,-1,Trad,5.7,2,200,61.81501,-149.243
"Tik Tok","The Diamond > Archangel Valley Sport and Traditional Climbing > Hatcher Pass > Anchorage & South Central Alaska > Alaska",https://www.mountainproject.com/route/106803033/tik-tok,2.8,-1,Trad,5.8,1,130,61.81501,-149.243
"Auntie M","The Diamond > Archangel Valley Sport and Traditional Climbing > Hatcher Pass > Anchorage & South Central Alaska > Alaska",https://www.mountainproject.com/route/111951054/auntie-m,2.0,-1,Trad,5.8+,1,130,61.81501,-149.243
Unknown,"The Diamond > Archangel Valley Sport and Traditional Climbing > Hatcher Pass > Anchorage & South Central Alaska > Alaska",https://www.mountainproject.com/route/110563735/unknown,1.8,-1,Trad,5.9,3,,61.81501,-149.243
"Psycho Bitch","The Diamond > Archangel Valley Sport and Traditional Climbing > Hatcher Pass > Anchorage & South Central Alaska > Alaska",https://www.mountainproject.com/route/108366927/psycho-bitch,1.5,-1,Sport,5.9+,1,,61.81501,-149.243
"Secret Lover","The Diamond > Archangel Valley Sport and Traditional Climbing > Hatcher Pass > Anchorage & South Central Alaska > Alaska",https://www.mountainproject.com/route/110739851/secret-lover,1.5,-1,Trad,5.10a,1,,61.81501,-149.243
"True Grit","The Diamond > Archangel Valley Sport and Traditional Climbing > Hatcher Pass > Anchorage & South Central Alaska > Alaska",https://www.mountainproject.com/route/111951015/true-grit,1.8,-1,Trad,5.10a,1,90,61.81501,-149.243
Toto,"The Diamond > Archangel Valley Sport and Traditional Climbing > Hatcher Pass > Anchorage & South Central Alaska > Alaska",https://www.mountainproject.com/route/106207971/toto,3.4,-1,Trad,5.10a/b,6,500,61.81501,-149.243
Festoon,"The Diamond > Archangel Valley Sport and Traditional Climbing > Hatcher Pass > Anchorage & South Central Alaska > Alaska",https://www.mountainproject.com/route/108221052/festoon,3.3,-1,Trad,5.10a/b,1,70,61.81501,-149.243
"Toto to the Pinnacle link up","The Diamond > Archangel Valley Sport and Traditional Climbing > Hatcher Pass > Anchorage & South Central Alaska > Alaska",https://www.mountainproject.com/route/110933946/toto-to-the-pinnacle-link-up,4.0,-1,Trad,5.10b,1,1800,61.81501,-149.243
Hatari,"The Diamond > Archangel Valley Sport and Traditional Climbing > Hatcher Pass > Anchorage & South Central Alaska > Alaska",https://www.mountainproject.com/route/110648280/hatari,2.0,-1,Trad,"5.10d R",1,85,61.81501,-149.243
"Trusting Aborigines","The Diamond > Archangel Valley Sport and Traditional Climbing > Hatcher Pass > Anchorage & South Central Alaska > Alaska",https://www.mountainproject.com/route/110616302/trusting-aborigines,3.0,-1,Sport,5.11-,1,80,61.81501,-149.243
Chickenhead,"The Monolith > Archangel Valley Sport and Traditional Climbing > Hatcher Pass > Anchorage & South Central Alaska > Alaska",https://www.mountainproject.com/route/106768344/chickenhead,2.3,-1,Trad,"5.4 PG13",1,95,61.82504,-149.24309
"The Slot","The Monolith > Archangel Valley Sport and Traditional Climbing > Hatcher Pass > Anchorage & South Central Alaska > Alaska",https://www.mountainproject.com/route/106770056/the-slot,3.0,-1,Trad,5.7,1,70,61.82504,-149.24309
"Inside Right","The Monolith > Archangel Valley Sport and Traditional Climbing > Hatcher Pass > Anchorage & South Central Alaska > Alaska",https://www.mountainproject.com/route/109140849/inside-right,2.0,-1,Trad,5.7,1,70,61.82504,-149.24309
"Duct tape crack","The Monolith > Archangel Valley Sport and Traditional Climbing > Hatcher Pass > Anchorage & South Central Alaska > Alaska",https://www.mountainproject.com/route/110758745/duct-tape-crack,2.0,-1,Trad,5.7,1,70,61.82504,-149.24309
"Local Motion","The Monolith > Archangel Valley Sport and Traditional Climbing > Hatcher Pass > Anchorage & South Central Alaska > Alaska",https://www.mountainproject.com/route/106768065/local-motion,2.4,-1,"Sport, TR","5.7+ PG13",1,150,61.82504,-149.24309
"Spring Fling","The Monolith > Archangel Valley Sport and Traditional Climbing > Hatcher Pass > Anchorage & South Central Alaska > Alaska",https://www.mountainproject.com/route/111951111/spring-fling,1.8,-1,Trad,5.8,1,90,61.82504,-149.24309
"Just One More","The Monolith > Archangel Valley Sport and Traditional Climbing > Hatcher Pass > Anchorage & South Central Alaska > Alaska",https://www.mountainproject.com/route/119505156/just-one-more,2.0,-1,Trad,5.8,1,70,61.82504,-149.24309
"Black Wall","The Monolith > Archangel Valley Sport and Traditional Climbing > Hatcher Pass > Anchorage & South Central Alaska > Alaska",https://www.mountainproject.com/route/111951079/black-wall,2.3,-1,Trad,5.8+,1,90,61.82504,-149.24309
"Checkered Dog","The Monolith > Archangel Valley Sport and Traditional Climbing > Hatcher Pass > Anchorage & South Central Alaska > Alaska",https://www.mountainproject.com/route/109138090/checkered-dog,2.6,-1,Trad,5.9,1,75,61.82504,-149.24309
Flakey,"The Monolith > Archangel Valley Sport and Traditional Climbing > Hatcher Pass > Anchorage & South Central Alaska > Alaska",https://www.mountainproject.com/route/109138107/flakey,2.9,-1,Trad,5.9,1,70,61.82504,-149.24309
"Orangutan Overhang","The Monolith > Archangel Valley Sport and Traditional Climbing > Hatcher Pass > Anchorage & South Central Alaska > Alaska",https://www.mountainproject.com/route/106207126/orangutan-overhang,3.5,-1,Trad,5.9+,2,220,61.82504,-149.24309
Zigzag,"The Monolith > Archangel Valley Sport and Traditional Climbing > Hatcher Pass > Anchorage & South Central Alaska > Alaska",https://www.mountainproject.com/route/106831834/zigzag,2.6,-1,"Trad, Sport",5.9+,1,80,61.82504,-149.24309
"Center Slab Left","The Monolith > Archangel Valley Sport and Traditional Climbing > Hatcher Pass > Anchorage & South Central Alaska > Alaska",https://www.mountainproject.com/route/108356313/center-slab-left,2.6,-1,"Trad, Sport",5.10a,1,80,61.82504,-149.24309
"Freedom Roof","The Monolith > Archangel Valley Sport and Traditional Climbing > Hatcher Pass > Anchorage & South Central Alaska > Alaska",https://www.mountainproject.com/route/108270032/freedom-roof,2.7,-1,Sport,5.10-,1,90,61.82504,-149.24309
"Too Much Fun for You","The Monolith > Archangel Valley Sport and Traditional Climbing > Hatcher Pass > Anchorage & South Central Alaska > Alaska",https://www.mountainproject.com/route/109137980/too-much-fun-for-you,3.7,-1,Sport,"5.10b PG13",1,180,61.82504,-149.24309
"Shot on Sight","The Monolith > Archangel Valley Sport and Traditional Climbing > Hatcher Pass > Anchorage & South Central Alaska > Alaska",https://www.mountainproject.com/route/110618792/shot-on-sight,3.0,-1,Trad,5.10,1,180,61.82504,-149.24309
"American Slab Dance","The Monolith > Archangel Valley Sport and Traditional Climbing > Hatcher Pass > Anchorage & South Central Alaska > Alaska",https://www.mountainproject.com/route/113603346/american-slab-dance,3.0,-1,Trad,5.10c,1,90,61.82504,-149.24309
"Vein of Gold","The Monolith > Archangel Valley Sport and Traditional Climbing > Hatcher Pass > Anchorage & South Central Alaska > Alaska",https://www.mountainproject.com/route/110618752/vein-of-gold,3.5,-1,Trad,5.10+,1,125,61.82504,-149.24309
"Bullet from Fritz","The Monolith > Archangel Valley Sport and Traditional Climbing > Hatcher Pass > Anchorage & South Central Alaska > Alaska",https://www.mountainproject.com/route/106768369/bullet-from-fritz,2.7,-1,Trad,5.11,1,100,61.82504,-149.24309
"Unknown 2","The Monolith > Archangel Valley Sport and Traditional Climbing > Hatcher Pass > Anchorage & South Central Alaska > Alaska",https://www.mountainproject.com/route/110892990/unknown-2,2.0,-1,Trad,5.11,1,80,61.82504,-149.24309
"The Romanian Highstep","The Gargoyle > Archangel Valley Sport and Traditional Climbing > Hatcher Pass > Anchorage & South Central Alaska > Alaska",https://www.mountainproject.com/route/114553409/the-romanian-highstep,3.0,-1,Sport,5.13a,1,60,61.81663,-149.23829
"Cryptic Hacker","The Gargoyle > Archangel Valley Sport and Traditional Climbing > Hatcher Pass > Anchorage & South Central Alaska > Alaska",https://www.mountainproject.com/route/114950941/cryptic-hacker,3.5,-1,Sport,5.13d,1,55,61.81663,-149.23829
"If I should Stumble","Zulu Wall > Archangel Valley Sport and Traditional Climbing > Hatcher Pass > Anchorage & South Central Alaska > Alaska",https://www.mountainproject.com/route/110619574/if-i-should-stumble,1.0,-1,Trad,5.6,1,50,61.8158,-149.24355
Blockheads,"Zulu Wall > Archangel Valley Sport and Traditional Climbing > Hatcher Pass > Anchorage & South Central Alaska > Alaska",https://www.mountainproject.com/route/109218147/blockheads,2.2,-1,Trad,5.7,1,60,61.8158,-149.24355
"Physical Attraction","Zulu Wall > Archangel Valley Sport and Traditional Climbing > Hatcher Pass > Anchorage & South Central Alaska > Alaska",https://www.mountainproject.com/route/106795194/physical-attraction,3.4,-1,Trad,5.8,1,65,61.8158,-149.24355
"Linear Adventure","Zulu Wall > Archangel Valley Sport and Traditional Climbing > Hatcher Pass > Anchorage & South Central Alaska > Alaska",https://www.mountainproject.com/route/109218041/linear-adventure,2.8,-1,Trad,5.8,1,60,61.8158,-149.24355
"Role Model","Zulu Wall > Archangel Valley Sport and Traditional Climbing > Hatcher Pass > Anchorage & South Central Alaska > Alaska",https://www.mountainproject.com/route/109218030/role-model,2.5,-1,Sport,"5.9 R",1,50,61.8158,-149.24355
Ordorono,"Zulu Wall > Archangel Valley Sport and Traditional Climbing > Hatcher Pass > Anchorage & South Central Alaska > Alaska",https://www.mountainproject.com/route/110616306/ordorono,3.0,-1,Trad,5.9,1,70,61.8158,-149.24355
Willing,"Zulu Wall > Archangel Valley Sport and Traditional Climbing > Hatcher Pass > Anchorage & South Central Alaska > Alaska",https://www.mountainproject.com/route/117328320/willing,1.7,-1,Trad,5.9,1,60,61.8158,-149.24355
"Route 66","Zulu Wall > Archangel Valley Sport and Traditional Climbing > Hatcher Pass > Anchorage & South Central Alaska > Alaska",https://www.mountainproject.com/route/109190603/route-66,3.0,-1,Trad,"5.9+ PG13",1,120,61.8158,-149.24355
"Voodoo Child","Zulu Wall > Archangel Valley Sport and Traditional Climbing > Hatcher Pass > Anchorage & South Central Alaska > Alaska",https://www.mountainproject.com/route/106821098/voodoo-child,3.9,-1,Sport,"5.10b PG13",1,95,61.8158,-149.24355
"Zulu Warrior","Zulu Wall > Archangel Valley Sport and Traditional Climbing > Hatcher Pass > Anchorage & South Central Alaska > Alaska",https://www.mountainproject.com/route/106821124/zulu-warrior,3.9,-1,Sport,"5.10b R",1,100,61.8158,-149.24355
"The Trident cracks","Zulu Wall > Archangel Valley Sport and Traditional Climbing > Hatcher Pass > Anchorage & South Central Alaska > Alaska",https://www.mountainproject.com/route/110623007/the-trident-cracks,3.0,-1,"Trad, TR",5.11,1,80,61.8158,-149.24355
"Ivory Tower","Zulu Wall > Archangel Valley Sport and Traditional Climbing > Hatcher Pass > Anchorage & South Central Alaska > Alaska",https://www.mountainproject.com/route/109445931/ivory-tower,2.0,-1,Trad,5.12,1,70,61.8158,-149.24355
"Aurora Slabialous","Aurora Slab > Archangel Valley Sport and Traditional Climbing > Hatcher Pass > Anchorage & South Central Alaska > Alaska",https://www.mountainproject.com/route/106801484/aurora-slabialous,4.0,-1,Trad,5.8,1,120,61.8104,-149.25
"Zero Tolerance","Aurora Slab > Archangel Valley Sport and Traditional Climbing > Hatcher Pass > Anchorage & South Central Alaska > Alaska",https://www.mountainproject.com/route/113441972/zero-tolerance,3.0,-1,Trad,5.10,1,115,61.8104,-149.25
"Rainbow Crack","Green Gully > Archangel Valley Sport and Traditional Climbing > Hatcher Pass > Anchorage & South Central Alaska > Alaska",https://www.mountainproject.com/route/109154032/rainbow-crack,3.2,-1,Trad,5.9+,2,130,61.81376,-149.24389
"Scoobie Snacks","Green Gully > Archangel Valley Sport and Traditional Climbing > Hatcher Pass > Anchorage & South Central Alaska > Alaska",https://www.mountainproject.com/route/122690879/scoobie-snacks,3.0,-1,Trad,5.9+,1,85,61.81376,-149.24389
"Green Out","Green Gully > Archangel Valley Sport and Traditional Climbing > Hatcher Pass > Anchorage & South Central Alaska > Alaska",https://www.mountainproject.com/route/121446381/green-out,3.5,-1,Trad,5.10-,3,320,61.81376,-149.24389
"Unknown  420","Green Gully > Archangel Valley Sport and Traditional Climbing > Hatcher Pass > Anchorage & South Central Alaska > Alaska",https://www.mountainproject.com/route/110758508/unknown-420,2.5,-1,Trad,5.10,4,,61.81376,-149.24389
"Makin Hole aka The Dorsal Fin","Green Gully > Archangel Valley Sport and Traditional Climbing > Hatcher Pass > Anchorage & South Central Alaska > Alaska",https://www.mountainproject.com/route/109195153/makin-hole-aka-the-dorsal-fin,3.8,-1,Sport,5.10c,1,110,61.81376,-149.24389
"Green lightning","Green Gully > Archangel Valley Sport and Traditional Climbing > Hatcher Pass > Anchorage & South Central Alaska > Alaska",https://www.mountainproject.com/route/108312428/green-lightning,4.0,-1,Trad,5.10+,1,100,61.81376,-149.24389
"The Green Snake","Green Gully > Archangel Valley Sport and Traditional Climbing > Hatcher Pass > Anchorage & South Central Alaska > Alaska",https://www.mountainproject.com/route/114791978/the-green-snake,3.0,-1,Trad,"5.10+ PG13",1,110,61.81376,-149.24389
"Safety Rät","Green Gully > Archangel Valley Sport and Traditional Climbing > Hatcher Pass > Anchorage & South Central Alaska > Alaska",https://www.mountainproject.com/route/122743231/safety-rat,3.0,-1,Trad,5.10d,1,70,61.81376,-149.24389
"The Grow Room","Green Gully > Archangel Valley Sport and Traditional Climbing > Hatcher Pass > Anchorage & South Central Alaska > Alaska",https://www.mountainproject.com/route/118744773/the-grow-room,3.2,-1,Trad,5.11a,2,130,61.81376,-149.24389
"Smoke Shack","Green Gully > Archangel Valley Sport and Traditional Climbing > Hatcher Pass > Anchorage & South Central Alaska > Alaska",https://www.mountainproject.com/route/122772709/smoke-shack,4.0,-1,Trad,5.11b,1,80,61.81376,-149.24389
"My Pie","Green Gully > Archangel Valley Sport and Traditional Climbing > Hatcher Pass > Anchorage & South Central Alaska > Alaska",https://www.mountainproject.com/route/108312149/my-pie,3.8,-1,Trad,5.11b,1,60,61.81376,-149.24389
"White Spot Roofs","Green Gully > Archangel Valley Sport and Traditional Climbing > Hatcher Pass > Anchorage & South Central Alaska > Alaska",https://www.mountainproject.com/route/113344753/white-spot-roofs,4.0,-1,Trad,5.11,3,150,61.81376,-149.24389
"Blue Berry Crack","Green Gully > Archangel Valley Sport and Traditional Climbing > Hatcher Pass > Anchorage & South Central Alaska > Alaska",https://www.mountainproject.com/route/108036720/blue-berry-crack,3.6,-1,Trad,5.11c,1,50,61.81376,-149.24389
"Danger Maus","Green Gully > Archangel Valley Sport and Traditional Climbing > Hatcher Pass > Anchorage & South Central Alaska > Alaska",https://www.mountainproject.com/route/108036739/danger-maus,3.6,-1,Trad,"5.11+ PG13",1,100,61.81376,-149.24389
"The Brown Spot","Green Gully > Archangel Valley Sport and Traditional Climbing > Hatcher Pass > Anchorage & South Central Alaska > Alaska",https://www.mountainproject.com/route/108036764/the-brown-spot,4.0,-1,Trad,"5.11d R",1,120,61.81376,-149.24389
"Arnica Crack","Green Gully > Archangel Valley Sport and Traditional Climbing > Hatcher Pass > Anchorage & South Central Alaska > Alaska",https://www.mountainproject.com/route/123191109/arnica-crack,3.0,-1,Trad,5.12,1,,61.81376,-149.24389
"Prelude To Aid","Green Gully > Archangel Valley Sport and Traditional Climbing > Hatcher Pass > Anchorage & South Central Alaska > Alaska",https://www.mountainproject.com/route/120925004/prelude-to-aid,4.0,-1,Trad,5.12,2,,61.81376,-149.24389
"Rebecca's Roof","Green Gully > Archangel Valley Sport and Traditional Climbing > Hatcher Pass > Anchorage & South Central Alaska > Alaska",https://www.mountainproject.com/route/108036775/rebeccas-roof,3.0,-1,Trad,5.12c,2,200,61.81376,-149.24389
"Vine and a prayer","Tarzan's Temple > Archangel Valley Sport and Traditional Climbing > Hatcher Pass > Anchorage & South Central Alaska > Alaska",https://www.mountainproject.com/route/108053299/vine-and-a-prayer,2.5,-1,Trad,5.10c,1,100,61.81326,-149.2683
"Janes crack","Tarzan's Temple > Archangel Valley Sport and Traditional Climbing > Hatcher Pass > Anchorage & South Central Alaska > Alaska",https://www.mountainproject.com/route/108244638/janes-crack,3.0,-1,"Trad, Sport",5.10c,2,200,61.81326,-149.2683
"King of the Jungle","Tarzan's Temple > Archangel Valley Sport and Traditional Climbing > Hatcher Pass > Anchorage & South Central Alaska > Alaska",https://www.mountainproject.com/route/108036815/king-of-the-jungle,3.5,-1,Trad,5.11c,1,100,61.81326,-149.2683
"Redhead arete","3rd Generation Wall > Archangel Valley Sport and Traditional Climbing > Hatcher Pass > Anchorage & South Central Alaska > Alaska",https://www.mountainproject.com/route/108244619/redhead-arete,2.5,-1,"Trad, Sport",5.10a,1,25,61.81663,-149.23829
"More playin, less sprayin","3rd Generation Wall > Archangel Valley Sport and Traditional Climbing > Hatcher Pass > Anchorage & South Central Alaska > Alaska",https://www.mountainproject.com/route/108244631/more-playin-less-sprayin,3.3,-1,Sport,5.11a,1,25,61.81663,-149.23829
"3rd Generation","3rd Generation Wall > Archangel Valley Sport and Traditional Climbing > Hatcher Pass > Anchorage & South Central Alaska > Alaska",https://www.mountainproject.com/route/108036836/3rd-generation,3.5,-1,Trad,5.12,1,75,61.81663,-149.23829
"Mountaineers route","Std walls > Archangel Valley Sport and Traditional Climbing > Hatcher Pass > Anchorage & South Central Alaska > Alaska",https://www.mountainproject.com/route/108244663/mountaineers-route,2.0,-1,Trad,5.7,1,40,61.81663,-149.23829
"The Stink","Std walls > Archangel Valley Sport and Traditional Climbing > Hatcher Pass > Anchorage & South Central Alaska > Alaska",https://www.mountainproject.com/route/108244656/the-stink,3.0,-1,Trad,5.10a,1,20,61.81663,-149.23829
"The Pink","Std walls > Archangel Valley Sport and Traditional Climbing > Hatcher Pass > Anchorage & South Central Alaska > Alaska",https://www.mountainproject.com/route/108244649/the-pink,3.0,-1,"Trad, Sport",5.10c,1,20,61.81663,-149.23829
"Original route","Warmup Wall > Archangel Valley Sport and Traditional Climbing > Hatcher Pass > Anchorage & South Central Alaska > Alaska",https://www.mountainproject.com/route/108244678/original-route,-1.0,-1,Trad,5.8,1,20,61.81663,-149.23829
"Clogged aorta","Warmup Wall > Archangel Valley Sport and Traditional Climbing > Hatcher Pass > Anchorage & South Central Alaska > Alaska",https://www.mountainproject.com/route/108244696/clogged-aorta,0.5,-1,Trad,"5.8 PG13",1,20,61.81663,-149.23829
"The Girlfriend route","Warmup Wall > Archangel Valley Sport and Traditional Climbing > Hatcher Pass > Anchorage & South Central Alaska > Alaska",https://www.mountainproject.com/route/108244691/the-girlfriend-route,4.0,-1,"Trad, Sport",5.10a/b,1,20,61.81663,-149.23829
"Warmup Tower","Warmup Wall > Archangel Valley Sport and Traditional Climbing > Hatcher Pass > Anchorage & South Central Alaska > Alaska",https://www.mountainproject.com/route/108244699/warmup-tower,4.0,-1,Trad,5.10a/b,6,1400,61.81663,-149.23829
"Don't Throw Rocks","Wishbone > Fairangel Walls > Archangel Valley Sport and Traditional Climbing > Hatcher Pass > Anchorage & South Central Alaska > Alaska",https://www.mountainproject.com/route/121047478/dont-throw-rocks,2.0,-1,TR,5.7,1,30,61.82717,-149.24447
"In Record Time","Wishbone > Fairangel Walls > Archangel Valley Sport and Traditional Climbing > Hatcher Pass > Anchorage & South Central Alaska > Alaska",https://www.mountainproject.com/route/113288946/in-record-time,2.6,-1,Sport,5.8,1,50,61.82717,-149.24447
"The Rain Game","Wishbone > Fairangel Walls > Archangel Valley Sport and Traditional Climbing > Hatcher Pass > Anchorage & South Central Alaska > Alaska",https://www.mountainproject.com/route/121047429/the-rain-game,2.0,-1,Trad,5.8+,1,75,61.82717,-149.24447
"Sacktapped by a Grigri","Wishbone > Fairangel Walls > Archangel Valley Sport and Traditional Climbing > Hatcher Pass > Anchorage & South Central Alaska > Alaska",https://www.mountainproject.com/route/113288920/sacktapped-by-a-grigri,2.7,-1,Trad,5.9+,1,55,61.82717,-149.24447
"Stan Deazy","Wishbone > Fairangel Walls > Archangel Valley Sport and Traditional Climbing > Hatcher Pass > Anchorage & South Central Alaska > Alaska",https://www.mountainproject.com/route/113323215/stan-deazy,3.3,-1,Trad,5.10a,1,70,61.82717,-149.24447
"Unknown 5.10a","Wishbone > Fairangel Walls > Archangel Valley Sport and Traditional Climbing > Hatcher Pass > Anchorage & South Central Alaska > Alaska",https://www.mountainproject.com/route/113323260/unknown-510a,3.3,-1,Trad,5.10a,1,110,61.82717,-149.24447
"Blades of Glory","Wishbone > Fairangel Walls > Archangel Valley Sport and Traditional Climbing > Hatcher Pass > Anchorage & South Central Alaska > Alaska",https://www.mountainproject.com/route/113288860/blades-of-glory,1.4,-1,Sport,5.10-,1,60,61.82717,-149.24447
"Wishbone Left","Wishbone > Fairangel Walls > Archangel Valley Sport and Traditional Climbing > Hatcher Pass > Anchorage & South Central Alaska > Alaska",https://www.mountainproject.com/route/113603950/wishbone-left,2.3,-1,Trad,"5.10- PG13",1,50,61.82717,-149.24447
"Wishbone Right?","Wishbone > Fairangel Walls > Archangel Valley Sport and Traditional Climbing > Hatcher Pass > Anchorage & South Central Alaska > Alaska",https://www.mountainproject.com/route/114510977/wishbone-right,2.5,-1,Trad,"5.11 PG13",1,55,61.82717,-149.24447
"Broken Head","Wishbone > Fairangel Walls > Archangel Valley Sport and Traditional Climbing > Hatcher Pass > Anchorage & South Central Alaska > Alaska",https://www.mountainproject.com/route/113441303/broken-head,2.4,-1,Sport,5.12,1,55,61.82717,-149.24447
"Unknown 5.12","Wishbone > Fairangel Walls > Archangel Valley Sport and Traditional Climbing > Hatcher Pass > Anchorage & South Central Alaska > Alaska",https://www.mountainproject.com/route/121047462/unknown-512,2.0,-1,"Sport, TR","5.12 R",1,35,61.82717,-149.24447
"Highway to Hell","The Jungle Gym > Archangel Valley Sport and Traditional Climbing > Hatcher Pass > Anchorage & South Central Alaska > Alaska",https://www.mountainproject.com/route/108244756/highway-to-hell,2.4,-1,Trad,5.7,1,20,44.09691,-114.96343
"Could be better","The Jungle Gym > Archangel Valley Sport and Traditional Climbing > Hatcher Pass > Anchorage & South Central Alaska > Alaska",https://www.mountainproject.com/route/108244719/could-be-better,2.7,-1,Trad,5.8,1,,44.09691,-114.96343
"Could be worse","The Jungle Gym > Archangel Valley Sport and Traditional Climbing > Hatcher Pass > Anchorage & South Central Alaska > Alaska",https://www.mountainproject.com/route/108244734/could-be-worse,1.5,-1,Trad,5.8,1,20,44.09691,-114.96343
"Old School","The Jungle Gym > Archangel Valley Sport and Traditional Climbing > Hatcher Pass > Anchorage & South Central Alaska > Alaska",https://www.mountainproject.com/route/108342046/old-school,2.6,-1,Trad,5.8,1,60,44.09691,-114.96343
"Stairway to heaven","The Jungle Gym > Archangel Valley Sport and Traditional Climbing > Hatcher Pass > Anchorage & South Central Alaska > Alaska",https://www.mountainproject.com/route/108244743/stairway-to-heaven,2.2,-1,Trad,5.8+,1,25,44.09691,-114.96343
"As good as it gets","The Jungle Gym > Archangel Valley Sport and Traditional Climbing > Hatcher Pass > Anchorage & South Central Alaska > Alaska",https://www.mountainproject.com/route/108244712/as-good-as-it-gets,3.2,-1,"Trad, Sport",5.9,1,20,44.09691,-114.96343
"Randys roof","The Jungle Gym > Archangel Valley Sport and Traditional Climbing > Hatcher Pass > Anchorage & South Central Alaska > Alaska",https://www.mountainproject.com/route/108262372/randys-roof,3.5,-1,Sport,5.9,1,100,44.09691,-114.96343
"New School","The Jungle Gym > Archangel Valley Sport and Traditional Climbing > Hatcher Pass > Anchorage & South Central Alaska > Alaska",https://www.mountainproject.com/route/108342056/new-school,3.2,-1,"Trad, Sport",5.9,1,70,44.09691,-114.96343
"The RP boys","The Jungle Gym > Archangel Valley Sport and Traditional Climbing > Hatcher Pass > Anchorage & South Central Alaska > Alaska",https://www.mountainproject.com/route/108342086/the-rp-boys,3.3,-1,Trad,5.9+,1,70,44.09691,-114.96343
"Canned Jam","Tin Can Rock > Fairangel Gap and Valley > Archangel Valley Sport and Traditional Climbing > Hatcher Pass > Anchorage & South Central Alaska > Alaska",https://www.mountainproject.com/route/108255992/canned-jam,2.0,-1,Trad,5.7,1,60,61.81627,-149.27002
"Can Opener","Tin Can Rock > Fairangel Gap and Valley > Archangel Valley Sport and Traditional Climbing > Hatcher Pass > Anchorage & South Central Alaska > Alaska",https://www.mountainproject.com/route/108255996/can-opener,1.0,-1,Trad,5.7,1,55,61.81627,-149.27002
"African Dreams","Tin Can Rock > Fairangel Gap and Valley > Archangel Valley Sport and Traditional Climbing > Hatcher Pass > Anchorage & South Central Alaska > Alaska",https://www.mountainproject.com/route/108255983/african-dreams,3.3,-1,Sport,5.10b/c,1,50,61.81627,-149.27002
Epidemic,"Tin Can Rock > Fairangel Gap and Valley > Archangel Valley Sport and Traditional Climbing > Hatcher Pass > Anchorage & South Central Alaska > Alaska",https://www.mountainproject.com/route/108255976/epidemic,3.6,-1,Sport,5.11+,1,50,61.81627,-149.27002
"Tittie Sprinkles","Tunnel Vision Wall > Fairangel Gap and Valley > Archangel Valley Sport and Traditional Climbing > Hatcher Pass > Anchorage & South Central Alaska > Alaska",https://www.mountainproject.com/route/112112227/tittie-sprinkles,1.7,-1,Trad,5.7+,1,45,61.8198,-149.25781
"Birthday Bang","Tunnel Vision Wall > Fairangel Gap and Valley > Archangel Valley Sport and Traditional Climbing > Hatcher Pass > Anchorage & South Central Alaska > Alaska",https://www.mountainproject.com/route/112109855/birthday-bang,2.0,-1,Trad,5.8,1,70,61.8198,-149.25781
"Matt's Crack","Tunnel Vision Wall > Fairangel Gap and Valley > Archangel Valley Sport and Traditional Climbing > Hatcher Pass > Anchorage & South Central Alaska > Alaska",https://www.mountainproject.com/route/112110136/matts-crack,3.4,-1,Trad,5.8+,1,135,61.8198,-149.25781
"Cock Nose","Tunnel Vision Wall > Fairangel Gap and Valley > Archangel Valley Sport and Traditional Climbing > Hatcher Pass > Anchorage & South Central Alaska > Alaska",https://www.mountainproject.com/route/112110517/cock-nose,3.0,-1,Trad,5.9,1,95,61.8198,-149.25781
"Unknown Flare Crack","Tunnel Vision Wall > Fairangel Gap and Valley > Archangel Valley Sport and Traditional Climbing > Hatcher Pass > Anchorage & South Central Alaska > Alaska",https://www.mountainproject.com/route/112122686/unknown-flare-crack,3.1,-1,Trad,5.9,1,70,61.8198,-149.25781
"Moon Cycle","Tunnel Vision Wall > Fairangel Gap and Valley > Archangel Valley Sport and Traditional Climbing > Hatcher Pass > Anchorage & South Central Alaska > Alaska",https://www.mountainproject.com/route/119535122/moon-cycle,3.0,-1,"Trad, TR",5.9,1,50,61.8198,-149.25781
"Renegades of Funk","Tunnel Vision Wall > Fairangel Gap and Valley > Archangel Valley Sport and Traditional Climbing > Hatcher Pass > Anchorage & South Central Alaska > Alaska",https://www.mountainproject.com/route/112110453/renegades-of-funk,3.0,-1,Trad,5.9+,1,65,61.8198,-149.25781
5.10,"Tunnel Vision Wall > Fairangel Gap and Valley > Archangel Valley Sport and Traditional Climbing > Hatcher Pass > Anchorage & South Central Alaska > Alaska",https://www.mountainproject.com/route/112124314/510,2.2,-1,Trad,5.10-,1,65,61.8198,-149.25781
"Turecki 5.11","Tunnel Vision Wall > Fairangel Gap and Valley > Archangel Valley Sport and Traditional Climbing > Hatcher Pass > Anchorage & South Central Alaska > Alaska",https://www.mountainproject.com/route/112122842/turecki-511,3.1,-1,Trad,5.11b,1,65,61.8198,-149.25781
"Tunnel Vision","Tunnel Vision Wall > Fairangel Gap and Valley > Archangel Valley Sport and Traditional Climbing > Hatcher Pass > Anchorage & South Central Alaska > Alaska",https://www.mountainproject.com/route/108787485/tunnel-vision,3.9,-1,Trad,5.11d,1,30,61.8198,-149.25781
"The Growler","BPR Wall > Fairangel Gap and Valley > Archangel Valley Sport and Traditional Climbing > Hatcher Pass > Anchorage & South Central Alaska > Alaska",https://www.mountainproject.com/route/113377301/the-growler,3.5,-1,"Trad, Alpine",5.8+,1,100,61.82326,-149.26442
"75 cents to ride.","BPR Wall > Fairangel Gap and Valley > Archangel Valley Sport and Traditional Climbing > Hatcher Pass > Anchorage & South Central Alaska > Alaska",https://www.mountainproject.com/route/110696706/75-cents-to-ride,2.8,-1,"Trad, Alpine",5.10,1,80,61.82326,-149.26442
"The Pipeline","BPR Wall > Fairangel Gap and Valley > Archangel Valley Sport and Traditional Climbing > Hatcher Pass > Anchorage & South Central Alaska > Alaska",https://www.mountainproject.com/route/110696693/the-pipeline,4.0,-1,"Trad, Alpine",5.11b,1,80,61.82326,-149.26442
Sweetn’Low,"The Sugar Cube > Fairangel Gap and Valley > Archangel Valley Sport and Traditional Climbing > Hatcher Pass > Anchorage & South Central Alaska > Alaska",https://www.mountainproject.com/route/114556669/sweetnlow,1.0,-1,"TR, Boulder","5.5 V0",1,20,61.81567,-149.27189
Splenda,"The Sugar Cube > Fairangel Gap and Valley > Archangel Valley Sport and Traditional Climbing > Hatcher Pass > Anchorage & South Central Alaska > Alaska",https://www.mountainproject.com/route/114556715/splenda,2.0,-1,"TR, Boulder","5.9 V1",1,25,61.81567,-149.27189
Equal,"The Sugar Cube > Fairangel Gap and Valley > Archangel Valley Sport and Traditional Climbing > Hatcher Pass > Anchorage & South Central Alaska > Alaska",https://www.mountainproject.com/route/114556766/equal,2.0,-1,"TR, Boulder","5.10 V2",1,25,61.81567,-149.27189
Stevia,"The Sugar Cube > Fairangel Gap and Valley > Archangel Valley Sport and Traditional Climbing > Hatcher Pass > Anchorage & South Central Alaska > Alaska",https://www.mountainproject.com/route/114556800/stevia,3.0,-1,"TR, Boulder","5.12 V6-7",1,30,61.81567,-149.27189
"Original Route","The Lost Wall > Archangel Valley Sport and Traditional Climbing > Hatcher Pass > Anchorage & South Central Alaska > Alaska",https://www.mountainproject.com/route/116121540/original-route,2.0,-1,Trad,"5.7 PG13",3,200,61.81069,-149.24956
Rainman,"The Lost Wall > Archangel Valley Sport and Traditional Climbing > Hatcher Pass > Anchorage & South Central Alaska > Alaska",https://www.mountainproject.com/route/115190141/rainman,3.3,-1,Trad,5.11,2,130,61.81069,-149.24956
Phoenix,"The Lost Wall > Archangel Valley Sport and Traditional Climbing > Hatcher Pass > Anchorage & South Central Alaska > Alaska",https://www.mountainproject.com/route/113653379/phoenix,2.0,-1,Trad,5.12a,1,70,61.81069,-149.24956
"Terror Vision","The Lost Wall > Archangel Valley Sport and Traditional Climbing > Hatcher Pass > Anchorage & South Central Alaska > Alaska",https://www.mountainproject.com/route/108417460/terror-vision,4.0,-1,Trad,5.12,2,180,61.81069,-149.24956
Gateway,"Catch The Wave > Archangel Valley Sport and Traditional Climbing > Hatcher Pass > Anchorage & South Central Alaska > Alaska",https://www.mountainproject.com/route/115314550/gateway,3.7,-1,Trad,5.9,2,160,61.81663,-149.23829
Offwide,"Catch The Wave > Archangel Valley Sport and Traditional Climbing > Hatcher Pass > Anchorage & South Central Alaska > Alaska",https://www.mountainproject.com/route/115314565/offwide,3.5,-1,Trad,5.9,2,160,61.81663,-149.23829
"Cornish Head","Catch The Wave > Archangel Valley Sport and Traditional Climbing > Hatcher Pass > Anchorage & South Central Alaska > Alaska",https://www.mountainproject.com/route/114982488/cornish-head,2.4,-1,Trad,5.10-,1,120,61.81663,-149.23829
"Cheese Pit Blues","Catch The Wave > Archangel Valley Sport and Traditional Climbing > Hatcher Pass > Anchorage & South Central Alaska > Alaska",https://www.mountainproject.com/route/109191908/cheese-pit-blues,2.8,-1,Trad,5.10b,1,120,61.81663,-149.23829
Rebirth,"Catch The Wave > Archangel Valley Sport and Traditional Climbing > Hatcher Pass > Anchorage & South Central Alaska > Alaska",https://www.mountainproject.com/route/108589795/rebirth,4.0,-1,Trad,5.11c,1,100,61.81663,-149.23829
"The Prospect","Catch The Wave > Archangel Valley Sport and Traditional Climbing > Hatcher Pass > Anchorage & South Central Alaska > Alaska",https://www.mountainproject.com/route/121012351/the-prospect,3.8,-1,Trad,5.11+,1,120,61.81663,-149.23829
"Riptide Arete","Catch The Wave > Archangel Valley Sport and Traditional Climbing > Hatcher Pass > Anchorage & South Central Alaska > Alaska",https://www.mountainproject.com/route/115329926/riptide-arete,4.0,-1,Trad,5.12a,1,80,61.81663,-149.23829
"Better things","The White Spot > Archangel Valley Sport and Traditional Climbing > Hatcher Pass > Anchorage & South Central Alaska > Alaska",https://www.mountainproject.com/route/109190599/better-things,2.8,-1,Sport,5.10-,1,125,61.81268,-149.2434
"Diversity Hire","The White Spot > Archangel Valley Sport and Traditional Climbing > Hatcher Pass > Anchorage & South Central Alaska > Alaska",https://www.mountainproject.com/route/119419884/diversity-hire,4.0,-1,Trad,5.10,1,120,61.81268,-149.2434
"Dead End","The White Spot > Archangel Valley Sport and Traditional Climbing > Hatcher Pass > Anchorage & South Central Alaska > Alaska",https://www.mountainproject.com/route/119246916/dead-end,2.5,-1,Trad,5.10,1,120,61.81268,-149.2434
"Fairwell Transmission","The White Spot > Archangel Valley Sport and Traditional Climbing > Hatcher Pass > Anchorage & South Central Alaska > Alaska",https://www.mountainproject.com/route/109190595/fairwell-transmission,3.0,-1,Sport,5.10b/c,1,115,61.81268,-149.2434
"Deadbeat Dad","The White Spot > Archangel Valley Sport and Traditional Climbing > Hatcher Pass > Anchorage & South Central Alaska > Alaska",https://www.mountainproject.com/route/114978600/deadbeat-dad,3.6,-1,Trad,5.10+,2,200,61.81268,-149.2434
"Child Support","The White Spot > Archangel Valley Sport and Traditional Climbing > Hatcher Pass > Anchorage & South Central Alaska > Alaska",https://www.mountainproject.com/route/115186217/child-support,4.0,-1,Trad,5.11,2,220,61.81268,-149.2434
"Waves of Pleasure","The White Spot > Archangel Valley Sport and Traditional Climbing > Hatcher Pass > Anchorage & South Central Alaska > Alaska",https://www.mountainproject.com/route/117614322/waves-of-pleasure,2.8,-1,Trad,5.11,1,150,61.81268,-149.2434
"God's Country","The Guardian > Archangel Valley Sport and Traditional Climbing > Hatcher Pass > Anchorage & South Central Alaska > Alaska",https://www.mountainproject.com/route/113227100/gods-country,3.4,-1,"Trad, Alpine",5.10a,2,180,61.81008,-149.24957
"Flying Monkey","Yellow Brick Road > Archangel Valley Sport and Traditional Climbing > Hatcher Pass > Anchorage & South Central Alaska > Alaska",https://www.mountainproject.com/route/117651313/flying-monkey,2.0,-1,"Trad, TR",5.7+,1,75,61.80971,-149.2517
"Munchkin Land","Yellow Brick Road > Archangel Valley Sport and Traditional Climbing > Hatcher Pass > Anchorage & South Central Alaska > Alaska",https://www.mountainproject.com/route/117667055/munchkin-land,2.0,-1,"Trad, TR",5.8,1,85,61.80971,-149.2517
"Yellow Brick Road","Yellow Brick Road > Archangel Valley Sport and Traditional Climbing > Hatcher Pass > Anchorage & South Central Alaska > Alaska",https://www.mountainproject.com/route/113227384/yellow-brick-road,3.7,-1,Trad,5.8+,1,120,61.80971,-149.2517
"Turecki's Ten","Bear's Den > Lane Prospect Area > Archangel Valley Sport and Traditional Climbing > Hatcher Pass > Anchorage & South Central Alaska > Alaska",https://www.mountainproject.com/route/113377349/tureckis-ten,3.8,-1,"Trad, Alpine",5.9,1,75,61.84414,-149.23615
"Straight Eight","Bear's Den > Lane Prospect Area > Archangel Valley Sport and Traditional Climbing > Hatcher Pass > Anchorage & South Central Alaska > Alaska",https://www.mountainproject.com/route/113377358/straight-eight,4.0,-1,"Trad, Alpine",5.9,1,75,61.84414,-149.23615
"Barbara’s nine","Bear's Den > Lane Prospect Area > Archangel Valley Sport and Traditional Climbing > Hatcher Pass > Anchorage & South Central Alaska > Alaska",https://www.mountainproject.com/route/117328363/barbaras-nine,2.0,-1,"TR, Alpine",5.9,1,70,61.84414,-149.23615
"Fine Nine","Bear's Den > Lane Prospect Area > Archangel Valley Sport and Traditional Climbing > Hatcher Pass > Anchorage & South Central Alaska > Alaska",https://www.mountainproject.com/route/113377366/fine-nine,4.0,-1,"Trad, Alpine",5.9+,1,75,61.84414,-149.23615
"Lost in the Bush","Rogers Roof > Lane Prospect Area > Archangel Valley Sport and Traditional Climbing > Hatcher Pass > Anchorage & South Central Alaska > Alaska",https://www.mountainproject.com/route/115146269/lost-in-the-bush,3.0,-1,"Trad, Alpine",5.10b,1,,61.84318,-149.237
"Rogers Roof","Rogers Roof > Lane Prospect Area > Archangel Valley Sport and Traditional Climbing > Hatcher Pass > Anchorage & South Central Alaska > Alaska",https://www.mountainproject.com/route/115146285/rogers-roof,4.0,-1,"Trad, Alpine",5.11+,1,100,61.84318,-149.237
"Honky Tonks and Pretty Women","PBR Wall > Archangel Valley Sport and Traditional Climbing > Hatcher Pass > Anchorage & South Central Alaska > Alaska",https://www.mountainproject.com/route/115313619/honky-tonks-and-pretty-women,1.7,-1,Trad,5.7,1,120,61.81168,-149.24492
"Cheap Bourbon Whiskey","PBR Wall > Archangel Valley Sport and Traditional Climbing > Hatcher Pass > Anchorage & South Central Alaska > Alaska",https://www.mountainproject.com/route/115186598/cheap-bourbon-whiskey,2.7,-1,Trad,5.8,1,135,61.81168,-149.24492
"Morriganne's Route","PBR Wall > Archangel Valley Sport and Traditional Climbing > Hatcher Pass > Anchorage & South Central Alaska > Alaska",https://www.mountainproject.com/route/119571431/morrigannes-route,3.3,-1,Trad,5.10-,3,240,61.81168,-149.24492
"12 Pack and a Prayer","PBR Wall > Archangel Valley Sport and Traditional Climbing > Hatcher Pass > Anchorage & South Central Alaska > Alaska",https://www.mountainproject.com/route/115185816/12-pack-and-a-prayer,3.4,-1,Trad,5.10+,3,280,61.81168,-149.24492
"8 Seconds to Glory","PBR Wall > Archangel Valley Sport and Traditional Climbing > Hatcher Pass > Anchorage & South Central Alaska > Alaska",https://www.mountainproject.com/route/119971473/8-seconds-to-glory,4.0,-1,Trad,5.11-,3,240,61.81168,-149.24492
"Choke the Chicken","The High Dive > Reed Lakes Bouldering and Climbing > Hatcher Pass > Anchorage & South Central Alaska > Alaska",https://www.mountainproject.com/route/110795787/choke-the-chicken,1.0,-1,Trad,5.7,1,70,61.84442,-149.16129
"Wanchors Away","The High Dive > Reed Lakes Bouldering and Climbing > Hatcher Pass > Anchorage & South Central Alaska > Alaska",https://www.mountainproject.com/route/108263215/wanchors-away,2.0,-1,Trad,"5.8 R",1,60,61.84442,-149.16129
Rise,"The High Dive > Reed Lakes Bouldering and Climbing > Hatcher Pass > Anchorage & South Central Alaska > Alaska",https://www.mountainproject.com/route/106801271/rise,3.5,-1,Trad,5.9,3,350,61.84442,-149.16129
"Coitus Interuptus","The High Dive > Reed Lakes Bouldering and Climbing > Hatcher Pass > Anchorage & South Central Alaska > Alaska",https://www.mountainproject.com/route/110795811/coitus-interuptus,3.3,-1,Sport,5.9,1,70,61.84442,-149.16129
"Double Dihedral","The High Dive > Reed Lakes Bouldering and Climbing > Hatcher Pass > Anchorage & South Central Alaska > Alaska",https://www.mountainproject.com/route/113446744/double-dihedral,3.4,-1,Trad,5.10-,2,280,61.84442,-149.16129
"Killing Aphrodite","The High Dive > Reed Lakes Bouldering and Climbing > Hatcher Pass > Anchorage & South Central Alaska > Alaska",https://www.mountainproject.com/route/113620736/killing-aphrodite,3.4,-1,Trad,5.10b,2,250,61.84442,-149.16129
"Sprinklers Save Lives","The High Dive > Reed Lakes Bouldering and Climbing > Hatcher Pass > Anchorage & South Central Alaska > Alaska",https://www.mountainproject.com/route/113383967/sprinklers-save-lives,3.0,-1,Trad,5.10+,1,70,61.84442,-149.16129
"2 Left Shoes","The High Dive > Reed Lakes Bouldering and Climbing > Hatcher Pass > Anchorage & South Central Alaska > Alaska",https://www.mountainproject.com/route/113383986/2-left-shoes,3.0,-1,Sport,5.11+,1,70,61.84442,-149.16129
Ontology,"Dermatologist's Dream Wall > Reed Lakes Bouldering and Climbing > Hatcher Pass > Anchorage & South Central Alaska > Alaska",https://www.mountainproject.com/route/108324510/ontology,2.4,-1,Sport,5.9+,1,45,61.83034,-149.18305
"Shish Kaknob","Dermatologist's Dream Wall > Reed Lakes Bouldering and Climbing > Hatcher Pass > Anchorage & South Central Alaska > Alaska",https://www.mountainproject.com/route/108324498/shish-kaknob,3.0,-1,Trad,5.10a,1,45,61.83034,-149.18305
"Last Time to Selma","Dermatologist's Dream Wall > Reed Lakes Bouldering and Climbing > Hatcher Pass > Anchorage & South Central Alaska > Alaska",https://www.mountainproject.com/route/119484187/last-time-to-selma,3.5,-1,Sport,5.10a,1,60,61.83034,-149.18305
"Bombs Over Tulsa","Dermatologist's Dream Wall > Reed Lakes Bouldering and Climbing > Hatcher Pass > Anchorage & South Central Alaska > Alaska",https://www.mountainproject.com/route/119570051/bombs-over-tulsa,3.5,-1,Sport,5.10b,1,60,61.83034,-149.18305
"Huck A Turbo","Dermatologist's Dream Wall > Reed Lakes Bouldering and Climbing > Hatcher Pass > Anchorage & South Central Alaska > Alaska",https://www.mountainproject.com/route/106803076/huck-a-turbo,2.8,-1,"Trad, Sport",5.10b,1,90,61.83034,-149.18305
"Fatal flake","Dermatologist's Dream Wall > Reed Lakes Bouldering and Climbing > Hatcher Pass > Anchorage & South Central Alaska > Alaska",https://www.mountainproject.com/route/109138173/fatal-flake,3.0,-1,Trad,5.11a,1,70,61.83034,-149.18305
"Wild Kingdom","Dermatologist's Dream Wall > Reed Lakes Bouldering and Climbing > Hatcher Pass > Anchorage & South Central Alaska > Alaska",https://www.mountainproject.com/route/108324468/wild-kingdom,2.7,-1,"Trad, Sport",5.11b,1,90,61.83034,-149.18305
"Gumby Drop","SnowBird Slab/Cornerstone > Reed Lakes Bouldering and Climbing > Hatcher Pass > Anchorage & South Central Alaska > Alaska",https://www.mountainproject.com/route/109220074/gumby-drop,2.9,-1,Sport,5.6,1,95,61.82582,-149.1913
"Santa Cruz","SnowBird Slab/Cornerstone > Reed Lakes Bouldering and Climbing > Hatcher Pass > Anchorage & South Central Alaska > Alaska",https://www.mountainproject.com/route/110515215/santa-cruz,1.3,-1,"Sport, TR","5.6 PG13",1,30,61.82582,-149.1913
"Rainbow Coalition","SnowBird Slab/Cornerstone > Reed Lakes Bouldering and Climbing > Hatcher Pass > Anchorage & South Central Alaska > Alaska",https://www.mountainproject.com/route/119560158/rainbow-coalition,3.4,-1,Sport,5.6,1,90,61.82582,-149.1913
"Born to be Mild","SnowBird Slab/Cornerstone > Reed Lakes Bouldering and Climbing > Hatcher Pass > Anchorage & South Central Alaska > Alaska",https://www.mountainproject.com/route/109165759/born-to-be-mild,3.2,-1,Sport,5.7,1,100,61.82582,-149.1913
"Second Sally","SnowBird Slab/Cornerstone > Reed Lakes Bouldering and Climbing > Hatcher Pass > Anchorage & South Central Alaska > Alaska",https://www.mountainproject.com/route/110515224/second-sally,2.0,-1,"Trad, TR",5.7,1,30,61.82582,-149.1913
Unknown,"SnowBird Slab/Cornerstone > Reed Lakes Bouldering and Climbing > Hatcher Pass > Anchorage & South Central Alaska > Alaska",https://www.mountainproject.com/route/112166338/unknown,2.0,-1,Trad,5.7+,1,100,61.82582,-149.1913
Snowflake,"SnowBird Slab/Cornerstone > Reed Lakes Bouldering and Climbing > Hatcher Pass > Anchorage & South Central Alaska > Alaska",https://www.mountainproject.com/route/106806467/snowflake,3.5,-1,Trad,5.8,1,150,61.82582,-149.1913
"Tinsel Moose","SnowBird Slab/Cornerstone > Reed Lakes Bouldering and Climbing > Hatcher Pass > Anchorage & South Central Alaska > Alaska",https://www.mountainproject.com/route/109165766/tinsel-moose,1.8,-1,Trad,"5.8 R",2,200,61.82582,-149.1913
"Nice Hole","SnowBird Slab/Cornerstone > Reed Lakes Bouldering and Climbing > Hatcher Pass > Anchorage & South Central Alaska > Alaska",https://www.mountainproject.com/route/110515237/nice-hole,2.0,-1,TR,5.8,1,30,61.82582,-149.1913
"Mr. Bill","SnowBird Slab/Cornerstone > Reed Lakes Bouldering and Climbing > Hatcher Pass > Anchorage & South Central Alaska > Alaska",https://www.mountainproject.com/route/109165778/mr-bill,3.0,-1,Trad,5.9+,1,90,61.82582,-149.1913
"Thin As Ice","SnowBird Slab/Cornerstone > Reed Lakes Bouldering and Climbing > Hatcher Pass > Anchorage & South Central Alaska > Alaska",https://www.mountainproject.com/route/106807273/thin-as-ice,3.5,-1,Sport,5.10a,2,130,61.82582,-149.1913
"Possum Kingdom","SnowBird Slab/Cornerstone > Reed Lakes Bouldering and Climbing > Hatcher Pass > Anchorage & South Central Alaska > Alaska",https://www.mountainproject.com/route/109165826/possum-kingdom,3.0,-1,Trad,5.10-,1,90,61.82582,-149.1913
"Poor Life Choices","SnowBird Slab/Cornerstone > Reed Lakes Bouldering and Climbing > Hatcher Pass > Anchorage & South Central Alaska > Alaska",https://www.mountainproject.com/route/110647761/poor-life-choices,0.0,-1,Trad,"5.10 R",3,320,61.82582,-149.1913
Unknown,"Nugget Boulder > Lower Reed Valley Bouldering > Reed Lakes Bouldering > Reed Lakes Bouldering and Climbing > Hatcher Pass > Anchorage & South Central Alaska > Alaska",https://www.mountainproject.com/route/109126390/unknown,2.0,-1,"Sport, Alpine","5.6 R",1,25,61.82295,-149.18261
Titanic,"Nugget Boulder > Lower Reed Valley Bouldering > Reed Lakes Bouldering > Reed Lakes Bouldering and Climbing > Hatcher Pass > Anchorage & South Central Alaska > Alaska",https://www.mountainproject.com/route/109126497/titanic,3.2,-1,"Trad, Alpine",5.6,1,25,61.82295,-149.18261
"Mary Poppins","Nugget Boulder > Lower Reed Valley Bouldering > Reed Lakes Bouldering > Reed Lakes Bouldering and Climbing > Hatcher Pass > Anchorage & South Central Alaska > Alaska",https://www.mountainproject.com/route/109126383/mary-poppins,2.2,-1,"Sport, Alpine","5.7 PG13",1,25,61.82295,-149.18261
"Almost Argyle","Nugget Boulder > Lower Reed Valley Bouldering > Reed Lakes Bouldering > Reed Lakes Bouldering and Climbing > Hatcher Pass > Anchorage & South Central Alaska > Alaska",https://www.mountainproject.com/route/109126510/almost-argyle,1.8,-1,"Trad, Alpine",5.9,1,25,61.82295,-149.18261
"Banana Show","Nugget Boulder > Lower Reed Valley Bouldering > Reed Lakes Bouldering > Reed Lakes Bouldering and Climbing > Hatcher Pass > Anchorage & South Central Alaska > Alaska",https://www.mountainproject.com/route/109126519/banana-show,2.6,-1,"Trad, TR, Alpine",5.11c,1,25,61.82295,-149.18261
"Zydeco Fool","Falcon Slab/Zydeco Wall > Reed Lakes Bouldering and Climbing > Hatcher Pass > Anchorage & South Central Alaska > Alaska",https://www.mountainproject.com/route/109230296/zydeco-fool,3.0,-1,"Trad, TR",5.8,1,105,61.83024,-149.1728
"King Ex","Falcon Slab/Zydeco Wall > Reed Lakes Bouldering and Climbing > Hatcher Pass > Anchorage & South Central Alaska > Alaska",https://www.mountainproject.com/route/109230456/king-ex,3.0,-1,"Trad, TR",5.9,1,105,61.83024,-149.1728
"Gapers on the pipe at dawn.","Two toke tower > Mile High Wall > Reed Lakes Bouldering and Climbing > Hatcher Pass > Anchorage & South Central Alaska > Alaska",https://www.mountainproject.com/route/109775837/gapers-on-the-pipe-at-dawn,3.5,-1,"Trad, Alpine",5.11,3,500,61.83447,-149.18112
"Colombia Carl","The Shield > Mile High Wall > Reed Lakes Bouldering and Climbing > Hatcher Pass > Anchorage & South Central Alaska > Alaska",https://www.mountainproject.com/route/119446479/colombia-carl,3.3,-1,"Trad, Alpine",5.10,1,80,61.83445,-149.1812
"Finding the Sean","The Shield > Mile High Wall > Reed Lakes Bouldering and Climbing > Hatcher Pass > Anchorage & South Central Alaska > Alaska",https://www.mountainproject.com/route/115134136/finding-the-sean,3.3,-1,"Trad, Alpine",5.11-,2,220,61.83445,-149.1812
"The S.E.A.N.","The Shield > Mile High Wall > Reed Lakes Bouldering and Climbing > Hatcher Pass > Anchorage & South Central Alaska > Alaska",https://www.mountainproject.com/route/115333153/the-sean,4.0,-1,"Trad, Boulder, Alpine","5.11+ V3-4",2,220,61.83445,-149.1812
"Half Mile High","Main Wall > Mile High Wall > Reed Lakes Bouldering and Climbing > Hatcher Pass > Anchorage & South Central Alaska > Alaska",https://www.mountainproject.com/route/117390795/half-mile-high,4.0,-1,"Trad, Boulder, Alpine","5.12- V4",4,300,61.84498,-149.18451
"Cali Slit","Spirit Boulder Area > Mile High Wall > Reed Lakes Bouldering and Climbing > Hatcher Pass > Anchorage & South Central Alaska > Alaska",https://www.mountainproject.com/route/122832868/cali-slit,2.0,-1,"Trad, Alpine",5.9-,1,,61.84444,-149.18534
"Zen Crack","Spradlin spire > Reed Lakes Bouldering and Climbing > Hatcher Pass > Anchorage & South Central Alaska > Alaska",https://www.mountainproject.com/route/122832903/zen-crack,3.0,-1,"Trad, TR, Alpine",5.9,1,,61.84235,-149.11374
"Brothers in Arms","Spradlin spire > Reed Lakes Bouldering and Climbing > Hatcher Pass > Anchorage & South Central Alaska > Alaska",https://www.mountainproject.com/route/110653680/brothers-in-arms,3.0,-1,"Trad, Alpine",5.10,5,800,61.84235,-149.11374
"The Pig","The Barnyard > Reed Lakes Bouldering and Climbing > Hatcher Pass > Anchorage & South Central Alaska > Alaska",https://www.mountainproject.com/route/110850480/the-pig,3.0,-1,"Trad, Alpine",5.9+,1,100,61.83077,-149.17245
"Unknown 3","Reed Creek Wall > Reed Lakes Bouldering and Climbing > Hatcher Pass > Anchorage & South Central Alaska > Alaska",https://www.mountainproject.com/route/112217126/unknown-3,0.0,-1,Trad,5.7,1,25,61.83041,-149.17507
Pickpocket,"Reed Creek Wall > Reed Lakes Bouldering and Climbing > Hatcher Pass > Anchorage & South Central Alaska > Alaska",https://www.mountainproject.com/route/110850600/pickpocket,2.0,-1,Trad,5.8,1,80,61.83041,-149.17507
"American Express","Reed Creek Wall > Reed Lakes Bouldering and Climbing > Hatcher Pass > Anchorage & South Central Alaska > Alaska",https://www.mountainproject.com/route/112217094/american-express,2.0,-1,"Trad, TR",5.8+,1,50,61.83041,-149.17507
"Unknown 2","Reed Creek Wall > Reed Lakes Bouldering and Climbing > Hatcher Pass > Anchorage & South Central Alaska > Alaska",https://www.mountainproject.com/route/112217118/unknown-2,1.0,-1,Trad,5.9,1,30,61.83041,-149.17507
Mastercard,"Reed Creek Wall > Reed Lakes Bouldering and Climbing > Hatcher Pass > Anchorage & South Central Alaska > Alaska",https://www.mountainproject.com/route/112217086/mastercard,2.0,-1,Sport,5.10-,1,35,61.83041,-149.17507
"After the Gold Rush","Reed Creek Wall > Reed Lakes Bouldering and Climbing > Hatcher Pass > Anchorage & South Central Alaska > Alaska",https://www.mountainproject.com/route/110864476/after-the-gold-rush,2.5,-1,Sport,5.10b/c,1,75,61.83041,-149.17507
Unknown,"Reed Creek Wall > Reed Lakes Bouldering and Climbing > Hatcher Pass > Anchorage & South Central Alaska > Alaska",https://www.mountainproject.com/route/112217101/unknown,1.0,-1,"Trad, TR",5.11,1,30,61.83041,-149.17507
"Weiner Dog Butts","Pulp Culture Wall > Reed Lakes Bouldering and Climbing > Hatcher Pass > Anchorage & South Central Alaska > Alaska",https://www.mountainproject.com/route/110864981/weiner-dog-butts,2.3,-1,"Sport, Alpine",5.7,1,80,61.82902,-149.17318
Paperback,"Pulp Culture Wall > Reed Lakes Bouldering and Climbing > Hatcher Pass > Anchorage & South Central Alaska > Alaska",https://www.mountainproject.com/route/113084099/paperback,2.0,-1,"Sport, Alpine",5.7,1,65,61.82902,-149.17318
"Pulp Culture","Pulp Culture Wall > Reed Lakes Bouldering and Climbing > Hatcher Pass > Anchorage & South Central Alaska > Alaska",https://www.mountainproject.com/route/110865110/pulp-culture,3.9,-1,"Trad, Alpine",5.8+,1,180,61.82902,-149.17318
"Bombay Deluxe","Pulp Culture Wall > Reed Lakes Bouldering and Climbing > Hatcher Pass > Anchorage & South Central Alaska > Alaska",https://www.mountainproject.com/route/110864872/bombay-deluxe,3.0,-1,"Trad, Alpine",5.9,1,150,61.82902,-149.17318
"Escape From the lemming Ranch","Inferno wall > Reed Lakes Bouldering and Climbing > Hatcher Pass > Anchorage & South Central Alaska > Alaska",https://www.mountainproject.com/route/110964482/escape-from-the-lemming-ranch,4.0,-1,Trad,5.10b,1,100,61.82844,-149.17364
"Dirty D","Garden Party Buttress > The Crack Garden > Reed Lakes Bouldering and Climbing > Hatcher Pass > Anchorage & South Central Alaska > Alaska",https://www.mountainproject.com/route/111999958/dirty-d,2.0,-1,"Trad, Alpine",5.7,1,110,61.81724,-149.20863
"Never Let You Go","Garden Party Buttress > The Crack Garden > Reed Lakes Bouldering and Climbing > Hatcher Pass > Anchorage & South Central Alaska > Alaska",https://www.mountainproject.com/route/111999970/never-let-you-go,1.3,-1,"Trad, Alpine",5.7,1,110,61.81724,-149.20863
"Garden Party","Garden Party Buttress > The Crack Garden > Reed Lakes Bouldering and Climbing > Hatcher Pass > Anchorage & South Central Alaska > Alaska",https://www.mountainproject.com/route/111999966/garden-party,1.0,-1,"Trad, Alpine",5.8,1,110,61.81724,-149.20863
"Chickenheads on a Chopping Board","The Crack Garden > The Crack Garden > Reed Lakes Bouldering and Climbing > Hatcher Pass > Anchorage & South Central Alaska > Alaska",https://www.mountainproject.com/route/112000014/chickenheads-on-a-chopping-board,2.0,-1,"Trad, Alpine",5.5,1,110,61.81689,-149.20903
"Caustic Community Crack","The Crack Garden > The Crack Garden > Reed Lakes Bouldering and Climbing > Hatcher Pass > Anchorage & South Central Alaska > Alaska",https://www.mountainproject.com/route/111999996/caustic-community-crack,3.6,-1,"Trad, Alpine",5.7,1,110,61.81689,-149.20903
"Gateway Variation","The Crack Garden > The Crack Garden > Reed Lakes Bouldering and Climbing > Hatcher Pass > Anchorage & South Central Alaska > Alaska",https://www.mountainproject.com/route/112000003/gateway-variation,2.0,-1,"Trad, Alpine",5.7,1,105,61.81689,-149.20903
"The Vertical Gardener","The Crack Garden > The Crack Garden > Reed Lakes Bouldering and Climbing > Hatcher Pass > Anchorage & South Central Alaska > Alaska",https://www.mountainproject.com/route/111999976/the-vertical-gardener,3.4,-1,"Trad, Alpine",5.8,1,115,61.81689,-149.20903
"The Apology Foot Rub","The Crack Garden > The Crack Garden > Reed Lakes Bouldering and Climbing > Hatcher Pass > Anchorage & South Central Alaska > Alaska",https://www.mountainproject.com/route/111999979/the-apology-foot-rub,3.8,-1,"Trad, Alpine",5.8,1,115,61.81689,-149.20903
"Tritonian Yeti Physics","The Crack Garden > The Crack Garden > Reed Lakes Bouldering and Climbing > Hatcher Pass > Anchorage & South Central Alaska > Alaska",https://www.mountainproject.com/route/111999985/tritonian-yeti-physics,2.8,-1,"Trad, Alpine",5.8,1,105,61.81689,-149.20903
"Smoked Bluffs","The Crack Garden > The Crack Garden > Reed Lakes Bouldering and Climbing > Hatcher Pass > Anchorage & South Central Alaska > Alaska",https://www.mountainproject.com/route/113442241/smoked-bluffs,2.0,-1,"Trad, Alpine",5.8,1,110,61.81689,-149.20903
"Accidental Corking","The Crack Garden > The Crack Garden > Reed Lakes Bouldering and Climbing > Hatcher Pass > Anchorage & South Central Alaska > Alaska",https://www.mountainproject.com/route/113442440/accidental-corking,2.3,-1,"Trad, Alpine",5.9,1,110,61.81689,-149.20903
"Turf War","The Crack Garden > The Crack Garden > Reed Lakes Bouldering and Climbing > Hatcher Pass > Anchorage & South Central Alaska > Alaska",https://www.mountainproject.com/route/111999990/turf-war,2.4,-1,"Trad, Alpine",5.10-,1,110,61.81689,-149.20903
"Prettier After Last Call","Hanging Garden > The Crack Garden > Reed Lakes Bouldering and Climbing > Hatcher Pass > Anchorage & South Central Alaska > Alaska",https://www.mountainproject.com/route/116498052/prettier-after-last-call,1.0,-1,"Trad, Alpine",5.7,1,105,61.81717,-149.20896
"Adequate Fun For You","Hanging Garden > The Crack Garden > Reed Lakes Bouldering and Climbing > Hatcher Pass > Anchorage & South Central Alaska > Alaska",https://www.mountainproject.com/route/116498132/adequate-fun-for-you,2.0,-1,"Trad, Alpine",5.7,1,150,61.81717,-149.20896
"Down & Dirty Dihedral","Hanging Garden > The Crack Garden > Reed Lakes Bouldering and Climbing > Hatcher Pass > Anchorage & South Central Alaska > Alaska",https://www.mountainproject.com/route/112043913/down-dirty-dihedral,2.7,-1,"Trad, Alpine",5.8,1,70,61.81717,-149.20896
"Broad Street Bully","Hanging Garden > The Crack Garden > Reed Lakes Bouldering and Climbing > Hatcher Pass > Anchorage & South Central Alaska > Alaska",https://www.mountainproject.com/route/113442449/broad-street-bully,2.5,-1,"Trad, Alpine",5.8,1,100,61.81717,-149.20896
"Flaked Out","Hanging Garden > The Crack Garden > Reed Lakes Bouldering and Climbing > Hatcher Pass > Anchorage & South Central Alaska > Alaska",https://www.mountainproject.com/route/113442495/flaked-out,2.0,-1,"Trad, Alpine",5.8,1,105,61.81717,-149.20896
"Dick Swagger Dihedral","Hanging Garden > The Crack Garden > Reed Lakes Bouldering and Climbing > Hatcher Pass > Anchorage & South Central Alaska > Alaska",https://www.mountainproject.com/route/112043948/dick-swagger-dihedral,2.7,-1,"Trad, Alpine",5.10,1,105,61.81717,-149.20896
"The Jinx","Birds of Prey > Reed Lakes Bouldering and Climbing > Hatcher Pass > Anchorage & South Central Alaska > Alaska",https://www.mountainproject.com/route/113101126/the-jinx,3.6,-1,"Trad, Alpine",5.8,1,85,61.83098,-149.18136
Curse,"Birds of Prey > Reed Lakes Bouldering and Climbing > Hatcher Pass > Anchorage & South Central Alaska > Alaska",https://www.mountainproject.com/route/113154193/curse,2.8,-1,"Trad, TR, Alpine",5.8,1,75,61.83098,-149.18136
"Brazilian Sex Wax","Birds of Prey > Reed Lakes Bouldering and Climbing > Hatcher Pass > Anchorage & South Central Alaska > Alaska",https://www.mountainproject.com/route/113099493/brazilian-sex-wax,3.0,-1,"Sport, Alpine",5.9,1,80,61.83098,-149.18136
"Birds of Prey","Birds of Prey > Reed Lakes Bouldering and Climbing > Hatcher Pass > Anchorage & South Central Alaska > Alaska",https://www.mountainproject.com/route/113098033/birds-of-prey,3.6,-1,"Trad, Alpine",5.9+,1,90,61.83098,-149.18136
"The Heretic","Birds of Prey > Reed Lakes Bouldering and Climbing > Hatcher Pass > Anchorage & South Central Alaska > Alaska",https://www.mountainproject.com/route/113154197/the-heretic,2.7,-1,"Trad, TR, Alpine",5.10,1,75,61.83098,-149.18136
"My 4-Legged Vulture","Monkey Face > Reed Lakes Bouldering and Climbing > Hatcher Pass > Anchorage & South Central Alaska > Alaska",https://www.mountainproject.com/route/113244944/my-4-legged-vulture,3.5,-1,"Trad, Alpine",5.10a,1,95,61.84415,-149.16464
"Mauled by a Marmot","Monkey Face > Reed Lakes Bouldering and Climbing > Hatcher Pass > Anchorage & South Central Alaska > Alaska",https://www.mountainproject.com/route/113245012/mauled-by-a-marmot,3.5,-1,"Trad, Alpine",5.10b,1,100,61.84415,-149.16464
"Black Magic","Monkey Face > Reed Lakes Bouldering and Climbing > Hatcher Pass > Anchorage & South Central Alaska > Alaska",https://www.mountainproject.com/route/113244978/black-magic,3.0,-1,"Trad, Alpine",5.10c,1,100,61.84415,-149.16464
Astroclam,"Fatal Attraction Wall > Reed Lakes Bouldering and Climbing > Hatcher Pass > Anchorage & South Central Alaska > Alaska",https://www.mountainproject.com/route/113557463/astroclam,3.3,-1,Sport,5.10b,1,80,61.82882,-149.17199
"Cantankerous Cranksters","Fatal Attraction Wall > Reed Lakes Bouldering and Climbing > Hatcher Pass > Anchorage & South Central Alaska > Alaska",https://www.mountainproject.com/route/113456381/cantankerous-cranksters,2.8,-1,Trad,5.11a,4,350,61.82882,-149.17199
"unknown route","Mint hut > Reed Lakes Bouldering and Climbing > Hatcher Pass > Anchorage & South Central Alaska > Alaska",https://www.mountainproject.com/route/117788457/unknown-route,2.0,-1,"Trad, Alpine","5.7+ PG13",1,70,61.86062,-149.08916
"Northwest Ridge","Outpost Peak > Reed Lakes Bouldering and Climbing > Hatcher Pass > Anchorage & South Central Alaska > Alaska",https://www.mountainproject.com/route/119623869/northwest-ridge,3.5,-1,"Trad, Alpine","5.4 PG13",1,1000,61.83873,-149.14378
"Hoping on a Hump","Good Hope Towers > Reed Lakes Bouldering and Climbing > Hatcher Pass > Anchorage & South Central Alaska > Alaska",https://www.mountainproject.com/route/122806127/hoping-on-a-hump,2.0,-1,"Trad, Aid","5.9+ A1",5,,61.82459,-149.14526
"Broken Ones","The Broken Ones > Reed Lakes Bouldering and Climbing > Hatcher Pass > Anchorage & South Central Alaska > Alaska",https://www.mountainproject.com/route/122828313/broken-ones,2.5,-1,Sport,5.12-,1,100,61.82781,-149.17605
"Eye of Sauron","Eye of Sauron > Reed Lakes Bouldering and Climbing > Hatcher Pass > Anchorage & South Central Alaska > Alaska",https://www.mountainproject.com/route/122843498/eye-of-sauron,0.5,-1,"Trad, Aid, Alpine","5.8 C1",3,400,61.80777,-149.18605
Slabbyville,"Independence Crag > Independence Mine Bouldering and Climbing > Hatcher Pass > Anchorage & South Central Alaska > Alaska",https://www.mountainproject.com/route/109080454/slabbyville,2.6,-1,"Sport, Alpine",5.9,1,90,61.79225,-149.29476
"Avoid the Noid","Independence Crag > Independence Mine Bouldering and Climbing > Hatcher Pass > Anchorage & South Central Alaska > Alaska",https://www.mountainproject.com/route/110861440/avoid-the-noid,2.9,-1,"Trad, Alpine",5.10a/b,1,95,61.79225,-149.29476
999,"Independence Crag > Independence Mine Bouldering and Climbing > Hatcher Pass > Anchorage & South Central Alaska > Alaska",https://www.mountainproject.com/route/110861454/999,2.9,-1,"Trad, Alpine",5.10b,1,100,61.79225,-149.29476
"24 Karat","Independence Crag > Independence Mine Bouldering and Climbing > Hatcher Pass > Anchorage & South Central Alaska > Alaska",https://www.mountainproject.com/route/114815184/24-karat,3.4,-1,"Trad, Alpine",5.10,1,,61.79225,-149.29476
TBD,"Independence Crag > Independence Mine Bouldering and Climbing > Hatcher Pass > Anchorage & South Central Alaska > Alaska",https://www.mountainproject.com/route/114815209/tbd,3.3,-1,"Trad, Alpine",5.10c,1,95,61.79225,-149.29476
"Harvest Mode","Independence Crag > Independence Mine Bouldering and Climbing > Hatcher Pass > Anchorage & South Central Alaska > Alaska",https://www.mountainproject.com/route/110861476/harvest-mode,3.3,-1,"Trad, Alpine","5.10+ PG13",1,105,61.79225,-149.29476
"23 Karat","Independence Crag > Independence Mine Bouldering and Climbing > Hatcher Pass > Anchorage & South Central Alaska > Alaska",https://www.mountainproject.com/route/114815122/23-karat,1.8,-1,"Trad, Alpine",5.10c/d,1,,61.79225,-149.29476
"Ivan the Impaler","Independence Crag > Independence Mine Bouldering and Climbing > Hatcher Pass > Anchorage & South Central Alaska > Alaska",https://www.mountainproject.com/route/111928446/ivan-the-impaler,3.5,-1,"Trad, Alpine",5.11a,1,100,61.79225,-149.29476
"Project: Steeptitude","Independence Crag > Independence Mine Bouldering and Climbing > Hatcher Pass > Anchorage & South Central Alaska > Alaska",https://www.mountainproject.com/route/114815197/project-steeptitude,2.0,-1,"Trad, Alpine",5.11+,1,,61.79225,-149.29476
"Loosey Goosey and the Zig Zags","Upper Tier walls > Independence Mine Bouldering and Climbing > Hatcher Pass > Anchorage & South Central Alaska > Alaska",https://www.mountainproject.com/route/109148624/loosey-goosey-and-the-zig-zags,2.0,-1,"Trad, Alpine",5.6,1,120,61.83738,-149.27022
"Route 2","Moai Wall > Independence Mine Bouldering and Climbing > Hatcher Pass > Anchorage & South Central Alaska > Alaska",https://www.mountainproject.com/route/111992718/route-2,2.0,-1,"Sport, Alpine",5.6,1,90,61.83701,-149.27792
"Welcome to Easter Island","Moai Wall > Independence Mine Bouldering and Climbing > Hatcher Pass > Anchorage & South Central Alaska > Alaska",https://www.mountainproject.com/route/111992711/welcome-to-easter-island,3.0,-1,"Trad, Alpine",5.7,1,90,61.83701,-149.27792
"Birdman Cult","Moai Wall > Independence Mine Bouldering and Climbing > Hatcher Pass > Anchorage & South Central Alaska > Alaska",https://www.mountainproject.com/route/111992731/birdman-cult,3.0,-1,"Trad, Alpine",5.9+,1,,61.83701,-149.27792
"Rapa Nui","Moai Wall > Independence Mine Bouldering and Climbing > Hatcher Pass > Anchorage & South Central Alaska > Alaska",https://www.mountainproject.com/route/111992723/rapa-nui,4.0,-1,"Sport, Alpine",5.10-,1,95,61.83701,-149.27792
"By Others","The Mine > Independence Mine Bouldering and Climbing > Hatcher Pass > Anchorage & South Central Alaska > Alaska",https://www.mountainproject.com/route/114947364/by-others,3.0,-1,"Trad, Alpine",5.8,1,,61.80328,-149.29063
"Gold Spot","The Mine > Independence Mine Bouldering and Climbing > Hatcher Pass > Anchorage & South Central Alaska > Alaska",https://www.mountainproject.com/route/114947323/gold-spot,3.0,-1,"Trad, Alpine",5.9,1,,61.80328,-149.29063
"No Bolts","The Mine > Independence Mine Bouldering and Climbing > Hatcher Pass > Anchorage & South Central Alaska > Alaska",https://www.mountainproject.com/route/114940362/no-bolts,2.0,-1,"Trad, Alpine",5.9+,1,200,61.80328,-149.29063
Paydirt,"The Mine > Independence Mine Bouldering and Climbing > Hatcher Pass > Anchorage & South Central Alaska > Alaska",https://www.mountainproject.com/route/115133922/paydirt,3.0,-1,"Trad, Alpine",5.9+,3,300,61.80328,-149.29063
"Stellar Cruise","The Mine > Independence Mine Bouldering and Climbing > Hatcher Pass > Anchorage & South Central Alaska > Alaska",https://www.mountainproject.com/route/114947371/stellar-cruise,4.0,-1,"Trad, Alpine",5.10b,1,,61.80328,-149.29063
"Under the Drip","The Mine > Independence Mine Bouldering and Climbing > Hatcher Pass > Anchorage & South Central Alaska > Alaska",https://www.mountainproject.com/route/114940383/under-the-drip,4.0,-1,"Trad, Alpine",5.10d,1,,61.80328,-149.29063
"Up and At' em","The Mine > Independence Mine Bouldering and Climbing > Hatcher Pass > Anchorage & South Central Alaska > Alaska",https://www.mountainproject.com/route/115133969/up-and-at-em,3.0,-1,"Trad, Alpine",5.10d,1,,61.80328,-149.29063
Goldrunner,"The Mine > Independence Mine Bouldering and Climbing > Hatcher Pass > Anchorage & South Central Alaska > Alaska",https://www.mountainproject.com/route/115133989/goldrunner,4.0,-1,"Trad, Alpine",5.10d,1,,61.80328,-149.29063
"PWS Training Run","The Mine > Independence Mine Bouldering and Climbing > Hatcher Pass > Anchorage & South Central Alaska > Alaska",https://www.mountainproject.com/route/114947341/pws-training-run,3.0,-1,"Trad, Alpine",5.11a,1,220,61.80328,-149.29063
"Storm the Castle","Ramparts Wall > Independence Mine Bouldering and Climbing > Hatcher Pass > Anchorage & South Central Alaska > Alaska",https://www.mountainproject.com/route/121171465/storm-the-castle,3.0,-1,"Trad, Alpine",5.8,1,75,61.79244,-149.29836
Slabby,"Ramparts Wall > Independence Mine Bouldering and Climbing > Hatcher Pass > Anchorage & South Central Alaska > Alaska",https://www.mountainproject.com/route/117320702/slabby,3.0,-1,"Trad, Alpine",5.9,1,70,61.79244,-149.29836
"Shelter in place","Ramparts Wall > Independence Mine Bouldering and Climbing > Hatcher Pass > Anchorage & South Central Alaska > Alaska",https://www.mountainproject.com/route/119240252/shelter-in-place,3.3,-1,"Trad, Alpine",5.9,2,130,61.79244,-149.29836
"Dead Marmot","Ramparts Wall > Independence Mine Bouldering and Climbing > Hatcher Pass > Anchorage & South Central Alaska > Alaska",https://www.mountainproject.com/route/117743238/dead-marmot,1.3,-1,"Sport, Alpine",5.9,1,80,61.79244,-149.29836
"Hand crack","Ramparts Wall > Independence Mine Bouldering and Climbing > Hatcher Pass > Anchorage & South Central Alaska > Alaska",https://www.mountainproject.com/route/114947811/hand-crack,1.0,-1,"Trad, Alpine",5.9+,1,,61.79244,-149.29836
"The Snowshoes of Eddie Phay","Ramparts Wall > Independence Mine Bouldering and Climbing > Hatcher Pass > Anchorage & South Central Alaska > Alaska",https://www.mountainproject.com/route/117314186/the-snowshoes-of-eddie-phay,3.0,-1,"Trad, Alpine",5.10a,1,80,61.79244,-149.29836
"Diggin It","Ramparts Wall > Independence Mine Bouldering and Climbing > Hatcher Pass > Anchorage & South Central Alaska > Alaska",https://www.mountainproject.com/route/115322530/diggin-it,3.0,-1,"Trad, Alpine",5.10b,3,250,61.79244,-149.29836
"Get your ass to the pass (GYATTP)","Ramparts Wall > Independence Mine Bouldering and Climbing > Hatcher Pass > Anchorage & South Central Alaska > Alaska",https://www.mountainproject.com/route/117319829/get-your-ass-to-the-pass-gyattp,3.0,-1,"Trad, Alpine",5.10b,2,180,61.79244,-149.29836
"Necessary Evil","Ramparts Wall > Independence Mine Bouldering and Climbing > Hatcher Pass > Anchorage & South Central Alaska > Alaska",https://www.mountainproject.com/route/119067519/necessary-evil,3.0,-1,"Trad, Alpine",5.10b,1,70,61.79244,-149.29836
"Corona Crack","Ramparts Wall > Independence Mine Bouldering and Climbing > Hatcher Pass > Anchorage & South Central Alaska > Alaska",https://www.mountainproject.com/route/119067577/corona-crack,2.7,-1,"Trad, Alpine",5.10,1,80,61.79244,-149.29836
"Rampart Rampage","Ramparts Wall > Independence Mine Bouldering and Climbing > Hatcher Pass > Anchorage & South Central Alaska > Alaska",https://www.mountainproject.com/route/114815101/rampart-rampage,3.2,-1,"Trad, Alpine",5.10c,3,220,61.79244,-149.29836
"The Big Eddie","Ramparts Wall > Independence Mine Bouldering and Climbing > Hatcher Pass > Anchorage & South Central Alaska > Alaska",https://www.mountainproject.com/route/117314127/the-big-eddie,3.5,-1,"Trad, Alpine",5.10c,1,70,61.79244,-149.29836
"Castle Direct","Ramparts Wall > Independence Mine Bouldering and Climbing > Hatcher Pass > Anchorage & South Central Alaska > Alaska",https://www.mountainproject.com/route/121171525/castle-direct,3.0,-1,"Trad, Alpine",5.10d,1,70,61.79244,-149.29836
EP2,"Ramparts Wall > Independence Mine Bouldering and Climbing > Hatcher Pass > Anchorage & South Central Alaska > Alaska",https://www.mountainproject.com/route/117333829/ep2,2.5,-1,"Trad, Alpine",5.10d,1,70,61.79244,-149.29836
"Tavern Time","Renaissance Wall > Independence Mine Bouldering and Climbing > Hatcher Pass > Anchorage & South Central Alaska > Alaska",https://www.mountainproject.com/route/117326111/tavern-time,1.8,-1,"Trad, Alpine",5.8,1,70,61.80442,-149.2823
"Warm up with a little fisting","Renaissance Wall > Independence Mine Bouldering and Climbing > Hatcher Pass > Anchorage & South Central Alaska > Alaska",https://www.mountainproject.com/route/117326047/warm-up-with-a-little-fisting,1.5,-1,"Trad, Alpine",5.10a,1,35,61.80442,-149.2823
"SoCal DJ","Renaissance Wall > Independence Mine Bouldering and Climbing > Hatcher Pass > Anchorage & South Central Alaska > Alaska",https://www.mountainproject.com/route/117326161/socal-dj,4.0,-1,"Sport, Alpine",5.10d,1,70,61.80442,-149.2823
"Walkman and Button Heads","Renaissance Wall > Independence Mine Bouldering and Climbing > Hatcher Pass > Anchorage & South Central Alaska > Alaska",https://www.mountainproject.com/route/117326306/walkman-and-button-heads,4.0,-1,"Trad, Alpine",5.11a,1,80,61.80442,-149.2823
"Retroed Art","Renaissance Wall > Independence Mine Bouldering and Climbing > Hatcher Pass > Anchorage & South Central Alaska > Alaska",https://www.mountainproject.com/route/117326274/retroed-art,3.0,-1,"Trad, Alpine",5.11a,1,80,61.80442,-149.2823
"Science is Sorcery","Renaissance Wall > Independence Mine Bouldering and Climbing > Hatcher Pass > Anchorage & South Central Alaska > Alaska",https://www.mountainproject.com/route/117326197/science-is-sorcery,2.3,-1,"Trad, Alpine",5.11a,1,80,61.80442,-149.2823
"Cold Day at The Fair","Renaissance Wall > Independence Mine Bouldering and Climbing > Hatcher Pass > Anchorage & South Central Alaska > Alaska",https://www.mountainproject.com/route/119171409/cold-day-at-the-fair,3.0,-1,"Trad, Alpine",5.11-,1,80,61.80442,-149.2823
"Renaissance Man","Renaissance Wall > Independence Mine Bouldering and Climbing > Hatcher Pass > Anchorage & South Central Alaska > Alaska",https://www.mountainproject.com/route/117326296/renaissance-man,3.0,-1,"Trad, Alpine",5.11c,1,90,61.80442,-149.2823
"The Jester","Renaissance Wall > Independence Mine Bouldering and Climbing > Hatcher Pass > Anchorage & South Central Alaska > Alaska",https://www.mountainproject.com/route/117326337/the-jester,3.3,-1,"Trad, Alpine",5.11+,1,70,61.80442,-149.2823
"LARPing on Acid","Renaissance Wall > Independence Mine Bouldering and Climbing > Hatcher Pass > Anchorage & South Central Alaska > Alaska",https://www.mountainproject.com/route/117326242/larping-on-acid,4.0,-1,"Trad, Alpine",5.11+,1,80,61.80442,-149.2823
"Double micros","Gold Cord Lake > Independence Mine Bouldering and Climbing > Hatcher Pass > Anchorage & South Central Alaska > Alaska",https://www.mountainproject.com/route/117946929/double-micros,4.0,-1,"Trad, Alpine",5.10,1,60,61.79741,-149.26286
Toothy,"Because it's there Wall > Glacier Creek Drainage and Snowbird Glacier > Hatcher Pass > Anchorage & South Central Alaska > Alaska",https://www.mountainproject.com/route/106470548/toothy,-1.0,-1,"Trad, Aid, Alpine","5.9 A1",3,400,61.75823,-149.29517
"The Burning Ring of Fire","Because it's there Wall > Glacier Creek Drainage and Snowbird Glacier > Hatcher Pass > Anchorage & South Central Alaska > Alaska",https://www.mountainproject.com/route/110836466/the-burning-ring-of-fire,-1.0,-1,"Trad, Alpine","5.9 R",5,,61.75823,-149.29517
"Lost Zero","Because it's there Wall > Glacier Creek Drainage and Snowbird Glacier > Hatcher Pass > Anchorage & South Central Alaska > Alaska",https://www.mountainproject.com/route/106470560/lost-zero,-1.0,-1,"Trad, Aid, Alpine","5.10 A1",3,400,61.75823,-149.29517
Direct,"Because it's there Wall > Glacier Creek Drainage and Snowbird Glacier > Hatcher Pass > Anchorage & South Central Alaska > Alaska",https://www.mountainproject.com/route/106470571/direct,3.0,-1,"Trad, Alpine",5.10,3,400,61.75823,-149.29517
"Alaskan Vermin","Because it's there Wall > Glacier Creek Drainage and Snowbird Glacier > Hatcher Pass > Anchorage & South Central Alaska > Alaska",https://www.mountainproject.com/route/106470585/alaskan-vermin,2.5,-1,"Trad, Aid, Alpine","5.10 A1",3,400,61.75823,-149.29517
"Didilkama Traverse","Didilkama > Glacier Creek Drainage and Snowbird Glacier > Hatcher Pass > Anchorage & South Central Alaska > Alaska",https://www.mountainproject.com/route/119185896/didilkama-traverse,3.3,-1,"Trad, Alpine",5.8,1,4200,61.83791,-149.21486
"Can you see my colon yet?","Didilkama > Glacier Creek Drainage and Snowbird Glacier > Hatcher Pass > Anchorage & South Central Alaska > Alaska",https://www.mountainproject.com/route/109700941/can-you-see-my-colon-yet,2.5,-1,"Trad, Alpine",5.9,7,900,61.83791,-149.21486
"The Quartz Crack","Didilkama > Glacier Creek Drainage and Snowbird Glacier > Hatcher Pass > Anchorage & South Central Alaska > Alaska",https://www.mountainproject.com/route/109700745/the-quartz-crack,3.5,-1,"Trad, Alpine",5.11a,3,420,61.83791,-149.21486
"Poseurs are hosers","Didilkama > Glacier Creek Drainage and Snowbird Glacier > Hatcher Pass > Anchorage & South Central Alaska > Alaska",https://www.mountainproject.com/route/109700907/poseurs-are-hosers,3.0,-1,"Trad, Alpine","5.11a R",7,1000,61.83791,-149.21486
"The tennis shoe cracks","Glacier Creek Bouldering > Glacier Creek Drainage and Snowbird Glacier > Hatcher Pass > Anchorage & South Central Alaska > Alaska",https://www.mountainproject.com/route/110782055/the-tennis-shoe-cracks,4.0,-1,Trad,5.9,1,30,61.59474,-149.44214
"The Stash Box","Glacier Creek Bouldering > Glacier Creek Drainage and Snowbird Glacier > Hatcher Pass > Anchorage & South Central Alaska > Alaska",https://www.mountainproject.com/route/110782071/the-stash-box,4.0,-1,Trad,5.10,1,20,61.59474,-149.44214
"Chasing the Sun","Nunatak > Glacier Creek Drainage and Snowbird Glacier > Hatcher Pass > Anchorage & South Central Alaska > Alaska",https://www.mountainproject.com/route/111959104/chasing-the-sun,2.8,-1,"Trad, Alpine",5.9,6,,61.83844,-149.25846
Breaching,"Whale Beak Buttress > Glacier Creek Drainage and Snowbird Glacier > Hatcher Pass > Anchorage & South Central Alaska > Alaska",https://www.mountainproject.com/route/113367331/breaching,4.0,-1,"Trad, Alpine",5.10-,3,234,61.83997,-149.21374
"Southeast Ridge","Troublemint Peak > Mint Area > Hatcher Pass > Anchorage & South Central Alaska > Alaska",https://www.mountainproject.com/route/118662944/southeast-ridge,3.0,-1,"Trad, Alpine",5.6,4,1100,61.85857,-149.04293
"Bullet to the Leg Couloir","Troublemint Peak > Mint Area > Hatcher Pass > Anchorage & South Central Alaska > Alaska",https://www.mountainproject.com/route/123905804/bullet-to-the-leg-couloir,4.0,-1,"Trad, Snow, Alpine","5.6 Steep Snow R",2,1000,61.85857,-149.04293
